timesteps,episode_reward,episode_length,reward_per_step,moving_mean_30,episode_success,success_rate_30
408,315.893812,51,6.19399631372549,6.19399631372549,0.0,0.0
416,326.620974,52,6.281172576923077,6.237584445324284,0.0,0.0
432,334.963027,54,6.203019018518519,6.226062636389028,0.0,0.0
464,392.59492,58,6.768877931034483,6.361766460050392,0.0,0.0
496,388.551232,62,6.26695535483871,6.342804239008055,0.0,0.0
496,397.156368,62,6.405747870967741,6.35329484433467,0.0,0.0
632,521.326729,79,6.599072518987342,6.388405940713623,0.0,0.0
672,553.087578,84,6.584375928571428,6.412902189195849,0.0,0.0
904,342.078619,55,6.2196112545454545,6.391425418679138,0.0,0.0
904,319.930897,51,6.273154843137255,6.37959836112495,0.0,0.0
912,402.592746,62,6.4934313870967735,6.389946818031479,0.0,0.0
944,358.626097,56,6.404037446428572,6.391121037064571,0.0,0.0
1024,297.016387,49,6.061558918367347,6.365770104857092,0.0,0.0
1032,524.326793,78,6.7221383717948715,6.391224981066934,0.0,0.0
1112,594.856581,85,6.9983127176470585,6.431697496838941,0.0,0.0
1208,453.455872,67,6.767998089552239,6.452716283883523,0.0,0.0
1328,329.526236,53,6.217476150943396,6.438878629004692,0.0,0.0
1376,263.120307,44,5.980006977272728,6.413385759464027,0.0,0.0
1400,376.831681,57,6.611082122807018,6.423790831218921,0.0,0.0
1416,430.84699,64,6.73198421875,6.439200500595476,0.0,0.0
1424,311.246301,49,6.351965326530612,6.435046444687624,0.0,0.0
1472,267.787345,45,5.950829888888889,6.413036601242227,0.0,0.0
1656,236.447206,41,5.767005024390244,6.38494827181388,0.0,0.0
1704,418.866389,62,6.7559095000000005,6.400404989654969,0.0,0.0
1728,739.806907,102,7.253008892156863,6.434509145755044,0.0,0.0
1856,360.457669,54,6.675142018518518,6.443764256245947,0.0,0.0
1896,404.095646,60,6.7349274333333335,6.454548077619553,0.0,0.0
1904,448.563005,66,6.796409166666666,6.46675740222838,0.0,0.0
1984,504.57526,73,6.911989863013699,6.482110245703735,0.0,0.0
2072,346.468519,52,6.662856134615385,6.488135108667458,0.0,0.0
2128,306.743438,50,6.134868760000001,6.4861641902099425,0.0,0.0
2368,570.019021,83,6.867699048192771,6.5057150725855974,0.0,0.0
2384,400.275757,60,6.671262616666667,6.5213231925238695,0.0,0.0
2408,330.992773,53,6.245146660377358,6.503865483501966,0.0,0.0
2432,450.833623,67,6.728860044776119,6.519262306499879,0.0,0.0
2464,295.549652,49,6.031625551020408,6.506791562501633,0.0,0.0
2648,1117.753433,147,7.603764850340137,6.540281306880059,0.0,0.0
2712,490.058904,73,6.713135671232877,6.544573298302108,0.0,0.0
2776,303.393161,51,5.948885509803922,6.535549106810723,0.0,0.0
2792,857.819228,117,7.331788273504273,6.570836887822958,0.0,0.0
2888,391.004335,60,6.516738916666667,6.571613805475289,0.0,0.0
2904,431.471978,65,6.638030430769231,6.579413571619976,0.0,0.0
3056,310.403166,51,6.086336588235294,6.580239493948908,0.0,0.0
3080,562.546498,81,6.945018493827161,6.587668831349984,0.0,0.0
3128,598.770409,83,7.214101313253011,6.5948617845368505,0.0,0.0
3248,281.972086,45,6.266046355555555,6.5781300600702926,0.0,0.0
3296,434.095077,65,6.6783858,6.593493715038847,0.0,0.0
3312,309.16788,51,6.062115294117648,6.5962306589336785,0.0,0.0
3344,554.899926,79,7.024049696202533,6.609996244713528,0.0,0.0
3384,243.406993,41,5.936755926829268,6.583488634982838,0.0,0.0
3424,537.67439,79,6.806004936708861,6.598623288655445,0.0,0.0
3568,355.222401,55,6.458589109090909,6.615548595995514,0.0,0.0
3584,419.66838,63,6.661402857142857,6.645361857087267,0.0,0.0
3696,313.875148,50,6.2775029600000005,6.6294149724206,0.0,0.0
3768,283.789792,48,5.912287333333333,6.584724253793149,0.0,0.0
3768,426.56399,65,6.562522923076923,6.580970283945094,0.0,0.0
3800,366.982744,57,6.438293754385965,6.5710824946468485,0.0,0.0
3832,437.638945,65,6.7329068461538455,6.568965750629756,0.0,0.0
3968,297.334891,50,5.946697820000001,6.536789349195965,0.0,0.0
4000,321.816298,52,6.188774961538462,6.520986643426735,0.0,0.0
4072,554.954507,81,6.851290209876543,6.544867358422619,0.0,0.0
4136,268.977582,46,5.847338739130435,6.5108553481205425,0.0,0.0
4216,135.927766,27,5.034361703703703,6.456291984355109,0.0,0.0
4296,437.220684,66,6.624555818181818,6.468938956281925,0.0,0.0
4296,519.366289,75,6.924883853333334,6.475473083233832,0.0,0.0
4304,407.412878,63,6.466871079365079,6.489981267511989,0.0,0.0
4320,270.878784,44,6.156336,6.441733639167318,0.0,0.0
4336,404.968745,63,6.428075317460317,6.432231627374899,0.0,0.0
4560,257.633958,43,5.9914873953488375,6.433651690226396,0.0,0.0
4600,442.159861,66,6.699391833333333,6.412571808887365,0.0,0.0
4736,358.202313,55,6.512769327272728,6.412439489240899,0.0,0.0
4760,555.781556,78,7.125404564102564,6.428685293685344,0.0,0.0
4800,403.011506,63,6.397008031746032,6.439041008469034,0.0,0.0
4904,490.247164,73,6.715714575342465,6.431397544519544,0.0,0.0
4976,559.4182,80,6.992727499999999,6.424018417411111,0.0,0.0
5128,746.942001,103,7.251864087378641,6.456879008471882,0.0,0.0
5136,484.494363,72,6.729088375,6.458569094305215,0.0,0.0
5136,457.340828,67,6.825982507462687,6.484031334750049,0.0,0.0
5168,270.689977,46,5.884564717391305,6.446048502123008,0.0,0.0
5200,334.18236,55,6.076042909090909,6.45069140153173,0.0,0.0
5432,179.948248,33,5.452977212121212,6.405590477378809,0.0,0.0
5432,431.989758,66,6.545299363636364,6.408480819196989,0.0,0.0
5456,626.451472,90,6.960571911111111,6.418453120995932,0.0,0.0
5504,286.449953,47,6.094679851063829,6.412359017364726,0.0,0.0
5560,347.980332,53,6.565666641509433,6.434138327637263,0.0,0.0
5600,388.277452,58,6.694438827586207,6.438535524454239,0.0,0.0
5744,690.192378,96,7.1895039375,6.463575863891374,0.0,0.0
5776,238.826794,43,5.554111488372093,6.424282685298648,0.0,0.0
5832,297.207518,50,5.94415036,6.424197769965315,0.0,0.0
5832,549.988268,79,6.961876810126582,6.449967831584918,0.0,0.0
5896,348.24556,55,6.331737454545455,6.432649406407216,0.0,0.0
5936,290.297157,47,6.176535255319149,6.443622623613507,0.0,0.0
5968,387.833905,58,6.686791465517242,6.498703615673957,0.0,0.0
6000,306.941855,50,6.1388371,6.482512991734563,0.0,0.0
6128,287.550196,48,5.990629083333334,6.451371166067897,0.0,0.0
6184,254.875922,44,5.792634590909091,6.428896616452699,0.0,0.0
6224,309.987078,49,6.326266897959184,6.434560979718004,0.0,0.0
6336,424.680334,70,6.066861914285714,6.422520532945517,0.0,0.0
6336,294.606012,46,6.404478521739131,6.436286903825193,0.0,0.0
6336,349.355585,55,6.351919727272728,6.42470450028984,0.0,0.0
6520,495.176542,73,6.783240301369863,6.4337201994264115,0.0,0.0
6720,411.736932,62,6.6409182580645165,6.417570655891809,0.0,0.0
6776,559.594696,81,6.9085764938271605,6.43462293796118,0.0,0.0
6792,509.191786,76,6.6998919210526315,6.434095516151518,0.0,0.0
6920,487.996684,73,6.684886082191781,6.423834135557911,0.0,0.0
6928,492.671084,74,6.6577173513513515,6.404029244357002,0.0,0.0
7104,993.749555,138,7.201083731884058,6.419762422919804,0.0,0.0
7128,261.208333,44,5.9365530227272725,6.390114773428623,0.0,0.0
7168,561.26204,81,6.9291609876543205,6.424934649104058,0.0,0.0
7200,388.503505,60,6.475058416666667,6.438235166023249,0.0,0.0
7320,907.765152,123,7.380204487804877,6.502476075212704,0.0,0.0
7328,301.027023,50,6.020540459999999,6.48498411175816,0.0,0.0
7376,352.464812,57,6.183593192982456,6.45908482115387,0.0,0.0
7488,628.902095,87,7.2287597126436784,6.496887483206532,0.0,0.0
7568,278.722699,46,6.0591891086956515,6.4800048987794066,0.0,0.0
7608,433.57203,63,6.882095714285714,6.486260128336057,0.0,0.0
7712,498.213938,73,6.8248484657534245,6.474104945944504,0.0,0.0
7752,280.989262,47,5.978494936170213,6.488251060871108,0.0,0.0
7776,533.043842,76,7.0137347631578955,6.523903874309705,0.0,0.0
7824,412.425609,62,6.652025951612903,6.51357551235925,0.0,0.0
7840,443.885051,65,6.829000784615384,6.5301509566949125,0.0,0.0
7880,220.313741,39,5.649070282051282,6.512568790919317,0.0,0.0
7944,247.980297,42,5.9042927857142855,6.4864855015925516,0.0,0.0
8088,302.957652,47,6.445907489361702,6.496721181237941,0.0,0.0
8136,209.987114,37,5.6753274054054055,6.48621112530701,0.0,0.0
8176,264.356973,44,6.008113022727272,6.49339373970095,0.0,0.0
8216,627.56794,91,6.8963509890109895,6.512396542736011,0.0,0.0
8264,372.175122,61,6.101231508196721,6.5135421958663775,0.0,0.0
8320,478.019565,71,6.732669929577464,6.524481909460989,0.0,0.0
8456,423.764167,64,6.621315109375,6.533461755531064,0.0,0.0
8512,348.029369,53,6.566591867924528,6.526240141082886,0.0,0.0
8536,548.115411,82,6.684334280487805,6.52768734183033,0.0,0.0
8600,369.462946,58,6.370050793103448,6.509736485139539,0.0,0.0
8688,361.464726,59,6.126520779661017,6.490624113759819,0.0,0.0
8752,494.519963,72,6.868332819444444,6.496739005001574,0.0,0.0
8784,227.839676,41,5.557065268292683,6.460050602232952,0.0,0.0
8808,450.888825,68,6.630718014705883,6.4410384116603465,0.0,0.0
8864,464.195436,68,6.826403470588235,6.470700093255712,0.0,0.0
9000,381.749533,58,6.5818885,6.459124343667235,0.0,0.0
9040,200.4335,36,5.567597222222222,6.428875637185753,0.0,0.0
9080,210.131088,37,5.6792185945945945,6.372176107412077,0.0,0.0
9128,355.516061,55,6.463928381818182,6.386955704806017,0.0,0.0
9256,311.877227,49,6.364841367346939,6.392997310618166,0.0,0.0
9256,639.77015,93,6.879248924731182,6.381346951021082,0.0,0.0
9448,277.203625,46,6.026165760869565,6.380246172760213,0.0,0.0
9528,429.731233,66,6.511079287878787,6.367878958546649,0.0,0.0
9536,852.271081,117,7.284368213675213,6.383196283477375,0.0,0.0
9576,645.684778,96,6.725883104166667,6.408109222410589,0.0,0.0
9624,405.287743,62,6.536899080645161,6.3922146996601645,0.0,0.0
9760,644.094272,90,7.156603022222223,6.409033935347142,0.0,0.0
9776,440.350631,65,6.7746250923076925,6.40722141227022,0.0,0.0
9824,196.739908,37,5.317294810810811,6.396162229895537,0.0,0.0
9832,485.873518,72,6.7482433055555555,6.424293913890247,0.0,0.0
9880,341.148694,54,6.317568407407407,6.4200159444917695,0.0,0.0
9984,371.364388,56,6.6315069285714285,6.45188859526397,0.0,0.0
10144,447.29871,65,6.881518615384616,6.481002115019215,0.0,0.0
10168,494.132336,74,6.6774640000000005,6.473705882052182,0.0,0.0
10264,424.876872,63,6.744077333333333,6.495134076223404,0.0,0.0
10376,391.596562,62,6.316073580645162,6.481247531258993,0.0,0.0
10400,479.307604,71,6.750811323943663,6.485564071744615,0.0,0.0
10424,512.473936,75,6.832985813333333,6.494443869924907,0.0,0.0
10528,664.92529,94,7.0736732978723404,6.50742183717106,0.0,0.0
10568,215.950918,38,5.682918894736842,6.484517440558839,0.0,0.0
10640,399.472395,62,6.443103145161291,6.495070186075515,0.0,0.0
10656,391.370033,61,6.415902180327868,6.479989164771628,0.0,0.0
10784,701.559791,100,7.01559791,6.528606919495206,0.0,0.0
10872,359.703752,56,6.423281285714286,6.521692361862153,0.0,0.0
10992,276.751253,44,6.289801204545455,6.503805619660727,0.0,0.0
11000,392.343218,59,6.649885050847457,6.506072171355642,0.0,0.0
11024,379.747851,57,6.662243,6.542560363948235,0.0,0.0
11064,609.971687,86,7.092694034883721,6.589676211957872,0.0,0.0
11136,253.007411,44,5.750168431818182,6.565884213624539,0.0,0.0
11280,811.946639,110,7.381333081818182,6.599767270773581,0.0,0.0
11344,263.725899,43,6.133160441860466,6.574897654677888,0.0,0.0
11352,601.341962,87,6.911976574712643,6.604424681805993,0.0,0.0
11416,275.859142,44,6.269525954545455,6.596372904028214,0.0,0.0
11440,358.758186,56,6.406396178571429,6.567107169524756,0.0,0.0
11456,507.477633,73,6.951748397260275,6.5746360126278764,0.0,0.0
11496,382.879924,59,6.489490237288136,6.573055717849308,0.0,0.0
11680,234.470474,41,5.718792048780488,6.525128685401251,0.0,0.0
11704,458.316204,71,6.455157802816902,6.514479775751557,0.0,0.0
11848,331.710854,51,6.504134392156862,6.554041095129759,0.0,0.0
11944,351.01589,56,6.268140892857143,6.538037681373144,0.0,0.0
11944,449.232106,66,6.806547060606061,6.554336969813099,0.0,0.0
12000,648.686818,90,7.207631311111111,6.573541115897756,0.0,0.0
12048,273.191846,43,6.353298744186047,6.555933786857803,0.0,0.0
12064,510.504281,76,6.717161592105263,6.557257039927978,0.0,0.0
12152,384.284895,59,6.5133033050847455,6.549564572319693,0.0,0.0
12160,216.567006,39,5.5530001538461535,6.524128791426393,0.0,0.0
12368,282.572803,46,6.1428870217391305,6.503864648019575,0.0,0.0
12416,377.710828,59,6.401878440677966,6.489494402264397,0.0,0.0
12464,228.742627,39,5.865195564102564,6.4492118111387375,0.0,0.0
12472,426.756096,66,6.466001454545455,6.475314563132357,0.0,0.0
12584,321.000831,53,6.056619452830189,6.462431773387987,0.0,0.0
12592,1178.506243,156,7.554527198717949,6.500385940667656,0.0,0.0
12600,455.047817,69,6.594895898550725,6.486362540286014,0.0,0.0
12800,281.373049,48,5.861938520833333,6.467651114789983,0.0,0.0
12896,200.700644,38,5.281595894736842,6.434044271129695,0.0,0.0
12936,365.140851,59,6.188827983050848,6.418675702203142,0.0,0.0
13040,573.812466,84,6.831100785714286,6.424304295060285,0.0,0.0
13104,564.346173,79,7.143622443037975,6.426001908665428,0.0,0.0
13112,237.583129,39,6.091875102564103,6.437392131023625,0.0,0.0
13112,968.739901,131,7.394961076335878,6.437846397507548,0.0,0.0
13216,568.202382,79,7.192435215189873,6.4731555566185275,0.0,0.0
13328,275.589736,49,5.624280326530613,6.430232348345793,0.0,0.0
13352,221.740651,39,5.685657717948718,6.410770073792569,0.0,0.0
13360,356.184021,58,6.141103810344827,6.4019269948516815,0.0,0.0
13432,205.388454,40,5.13471135,6.341359093276339,0.0,0.0
13552,355.458713,56,6.347477017857143,6.336625319295306,0.0,0.0
13560,330.121327,56,5.895023696428572,6.342499707550243,0.0,0.0
13728,298.17544,50,5.9635088,6.326111407456344,0.0,0.0
13776,1104.366328,147,7.512696108843538,6.359730131345901,0.0,0.0
13808,357.700519,56,6.387509267857142,6.363709077179235,0.0,0.0
13824,307.074924,49,6.26683518367347,6.345718681281482,0.0,0.0
13832,395.089978,60,6.584832966666666,6.324958736466667,0.0,0.0
13984,335.43019,54,6.211670185185185,6.320237784499971,0.0,0.0
13992,324.431043,54,6.007982277777778,6.296598474022389,0.0,0.0
14088,797.896622,109,7.320152495412843,6.323493447033327,0.0,0.0
14176,281.118878,46,6.111279956521739,6.342102773789179,0.0,0.0
14240,315.658269,51,6.189377823529412,6.3436524671821894,0.0,0.0
14272,462.936605,68,6.80789125,6.357186227492923,0.0,0.0
14280,411.204233,63,6.527051317460317,6.379248085938182,0.0,0.0
14424,536.610206,75,7.154802746666666,6.402208129008888,0.0,0.0
14536,463.201605,69,6.713066739130435,6.424089705218895,0.0,0.0
14552,482.191425,70,6.888448928571428,6.401887096214011,0.0,0.0
14680,326.671063,51,6.405314960784314,6.3955677316217985,0.0,0.0
14688,330.38738,56,5.899774642857143,6.396828935689259,0.0,0.0
14744,488.916042,71,6.8861414366197184,6.450313787085354,0.0,0.0
14816,455.440313,67,6.797616611940299,6.470606741381669,0.0,0.0
14920,727.093439,104,6.991283067307692,6.4759461507681175,0.0,0.0
15032,408.971428,62,6.59631335483871,6.457702514494809,0.0,0.0
15056,426.617562,63,6.7717073333333335,6.480363588853781,0.0,0.0
15104,343.268221,53,6.476758886792452,6.449756849202334,0.0,0.0
15104,328.14815,52,6.310541346153846,6.420360386901135,0.0,0.0
15136,301.00154,49,6.142888571428571,6.437647328397732,0.0,0.0
15216,734.440262,99,7.418588505050504,6.495411687967791,0.0,0.0
15296,292.658096,47,6.226768,6.498267160956297,0.0,0.0
15360,460.002223,68,6.764738573529412,6.552601401740612,0.0,0.0
15376,221.604051,40,5.540101275,6.525688876978706,0.0,0.0
15384,191.316963,35,5.466198942857143,6.511394718526327,0.0,0.0
15536,411.026164,63,6.524224825396825,6.530085252706219,0.0,0.0
15560,330.518688,53,6.2362016603773585,6.487535437757346,0.0,0.0
15616,415.485721,64,6.491964390625,6.4910172751829425,0.0,0.0
15704,239.848058,40,5.99620145,6.481996150727161,0.0,0.0
15720,324.954352,53,6.131214188679245,6.466875524794247,0.0,0.0
15816,494.914638,75,6.5988618400000005,6.4797819132880745,0.0,0.0
15936,489.996524,72,6.805507277777778,6.506366079954741,0.0,0.0
16024,415.110831,61,6.805095590163935,6.489197516446444,0.0,0.0
16064,609.562556,86,7.087936697674419,6.521752741151533,0.0,0.0
16144,247.940213,41,6.047322268292683,6.517017555976976,0.0,0.0
16176,494.30174,70,7.061453428571428,6.525469628596023,0.0,0.0
16256,440.810144,67,6.579255880597015,6.527209780700578,0.0,0.0
16304,676.832203,93,7.277765623655915,6.531308543266887,0.0,0.0
16400,358.171672,58,6.175373655172414,6.513385440468285,0.0,0.0
16440,314.860367,52,6.055007057692308,6.485604044772315,0.0,0.0
16440,653.576297,92,7.104090184782608,6.508896552238925,0.0,0.0
16648,400.782196,63,6.3616221587301585,6.524291469434693,0.0,0.0
16728,442.335605,69,6.4106609420289855,6.508442119615001,0.0,0.0
16736,586.471749,84,6.981806535714286,6.514581783740803,0.0,0.0
16864,466.173088,70,6.659615542857143,6.503526199592451,0.0,0.0
17016,457.971273,72,6.360712125,6.495672825264493,0.0,0.0
17056,718.114667,100,7.18114667,6.509320803153383,0.0,0.0
17136,647.290188,92,7.035762913043477,6.527954270695082,0.0,0.0
17176,649.298941,92,7.057597184782609,6.5528561319827086,0.0,0.0
17256,413.224627,66,6.260979196969697,6.556792486167411,0.0,0.0
17296,472.439404,70,6.749134342857143,6.534477347427631,0.0,0.0
17360,633.906297,89,7.122542662921348,6.564336502858343,0.0,0.0
17480,242.634307,43,5.642658302325581,6.52693382715155,0.0,0.0
17496,388.649194,60,6.477486566666667,6.558180003540438,0.0,0.0
17504,353.168269,56,6.306576232142858,6.586192579849961,0.0,0.0
17608,669.209978,93,7.195806215053763,6.60857862617186,0.0,0.0
17680,334.896544,53,6.318802716981132,6.611331994725319,0.0,0.0
17792,401.298436,62,6.472555419354839,6.610685029016313,0.0,0.0
17896,622.777257,90,6.919747299999999,6.641469890682981,0.0,0.0
17976,510.304105,77,6.627326038961039,6.658006952359042,0.0,0.0
18032,341.428138,53,6.4420403396226416,6.65277956901313,0.0,0.0
18072,514.550047,74,6.953379013513513,6.6577086268709875,0.0,0.0
18120,519.701816,77,6.7493742337662335,6.655851248324398,0.0,0.0
18240,462.17911,70,6.602558714285714,6.639671982211441,0.0,0.0
18240,615.916693,93,6.622760139784947,6.658853244594516,0.0,0.0
18328,187.282349,37,5.061685108108108,6.592194300579073,0.0,0.0
18352,288.279968,47,6.133616340425532,6.577339649240023,0.0,0.0
18432,219.201934,39,5.62056241025641,6.522099542126707,0.0,0.0
18512,533.13567,77,6.9238398701298705,6.5470484159586215,0.0,0.0
18640,480.949449,71,6.773935901408451,6.57101271074916,0.0,0.0
18640,769.669577,106,7.261033745283019,6.576244162765841,0.0,0.0
18832,230.401724,40,5.7600431,6.556191527474835,0.0,0.0
18832,499.798092,74,6.75402827027027,6.567637105082878,0.0,0.0
18912,572.335579,84,6.813518797619048,6.562027513813036,0.0,0.0
18992,462.941471,70,6.613449585714285,6.560488648574941,0.0,0.0
19104,691.685579,97,7.1307791649484535,6.586157549906555,0.0,0.0
19112,641.731193,95,6.755065189473684,6.571954833889011,0.0,0.0
19144,391.233626,63,6.210057555555556,6.544431321972748,0.0,0.0
19248,340.643566,52,6.550837807692308,6.527539342736404,0.0,0.0
19288,557.133624,81,6.87819288888889,6.548113132467043,0.0,0.0
19392,297.917879,50,5.95835758,6.521753907038472,0.0,0.0
19504,588.704126,84,7.008382452380952,6.517948566687126,0.0,0.0
19640,617.636978,91,6.787219538461539,6.556100607891657,0.0,0.0
19792,559.568974,81,6.908258938271605,6.570459686945156,0.0,0.0
19832,442.810769,68,6.511923073529411,6.57730458165804,0.0,0.0
19872,687.012499,96,7.1563801979166675,6.575990381086803,0.0,0.0
19984,375.274401,60,6.25457335,6.573849402187432,0.0,0.0
20000,766.202101,111,6.90272163063063,6.588188275896624,0.0,0.0
20160,673.469319,96,7.01530540625,6.5913735461049585,0.0,0.0
20304,980.6013,132,7.428797727272728,6.6180892690486814,0.0,0.0
20352,282.90295,46,6.1500641304347825,6.60835672874242,0.0,0.0
20352,431.988507,65,6.645977030769231,6.598109995984276,0.0,0.0
20408,320.897889,51,6.292115470588236,6.582868037211678,0.0,0.0
20488,774.796378,106,7.3093997924528304,6.606429406483915,0.0,0.0
20632,371.172884,59,6.291065830508475,6.595372929508032,0.0,0.0
20632,748.19057,105,7.125624476190476,6.664170908444111,0.0,0.0
20680,733.367766,101,7.2610669900990095,6.701752596766561,0.0,0.0
20728,297.062727,47,6.320483553191489,6.725083301531063,0.0,0.0
20744,262.01747,42,6.23851119047619,6.702239012209274,0.0,0.0
20872,303.197753,48,6.3166198541666665,6.686995143967881,0.0,0.0
21024,231.246885,43,5.37783453488372,6.624221836954572,0.0,0.0
21080,676.965024,97,6.979020865979381,6.664854429153883,0.0,0.0
21088,367.295538,57,6.443781368421053,6.654512865758909,0.0,0.0
21280,318.455235,51,6.244220294117647,6.63553624897553,0.0,0.0
21312,485.317837,73,6.648189547945205,6.6366942477165605,0.0,0.0
21320,485.178217,72,6.738586347222222,6.623621153792352,0.0,0.0
21424,295.413614,50,5.90827228,6.595394723476563,0.0,0.0
21488,780.918028,107,7.2982993271028045,6.6316694491948045,0.0,0.0
21664,1225.519019,164,7.472676945121951,6.662397420442459,0.0,0.0
21688,523.319691,76,6.885785407894737,6.66265050440932,0.0,0.0
21784,407.272962,63,6.46465019047619,6.679526924758528,0.0,0.0
21784,365.026943,58,6.293567982758621,6.655699775771116,0.0,0.0
21824,643.094547,92,6.990158119565217,6.662464395141239,0.0,0.0
21920,379.448003,62,6.120129080645162,6.636193399887024,0.0,0.0
21992,206.511435,38,5.434511447368421,6.600279679014991,0.0,0.0
22000,413.502333,64,6.460973953125,6.57709947085527,0.0,0.0
22200,323.975838,52,6.230304576923077,6.576290511752706,0.0,0.0
22200,795.573704,111,7.1673306666666665,6.585110812953906,0.0,0.0
22208,462.790277,68,6.805739367647059,6.5781252783338084,0.0,0.0
22352,344.3565,54,6.376972222222222,6.543064428165459,0.0,0.0
22400,297.179067,51,5.827040529411764,6.532296974798025,0.0,0.0
22456,544.439524,84,6.481422904761905,6.526811837264447,0.0,0.0
22464,370.098235,58,6.381004051724138,6.529774789968977,0.0,0.0
22472,561.242319,81,6.928917518518518,6.5170920475045,0.0,0.0
22616,327.326997,52,6.294749942307693,6.517214851231142,0.0,0.0
22720,414.245563,64,6.472586921875,6.495446932753959,0.0,0.0
22832,269.508544,45,5.989078755555555,6.453047324935843,0.0,0.0
22872,323.643586,52,6.2239151153846155,6.449828377008948,0.0,0.0
22960,665.817405,95,7.008604263157895,6.475498146098337,0.0,0.0
22984,499.972515,73,6.848938561643836,6.493242103014244,0.0,0.0
22992,279.758525,47,5.952309042553192,6.512391253269893,0.0,0.0
23024,590.927724,84,7.034853857142857,6.514252352975342,0.0,0.0
23200,398.580035,60,6.643000583333333,6.520892993472416,0.0,0.0
23224,297.546106,49,6.072369510204082,6.515164634008632,0.0,0.0
23440,378.298281,60,6.30497135,6.503724027410457,0.0,0.0
23480,390.758185,61,6.405871885245902,6.49263354534458,0.0,0.0
23528,990.727265,133,7.449077180451128,6.543993708692952,0.0,0.0
23536,240.94997,39,6.17820435897436,6.506657209755336,0.0,0.0
23600,531.294581,77,6.899929623376623,6.487565632363826,0.0,0.0
23648,344.656855,56,6.154586696428572,6.46319234198162,0.0,0.0
23680,699.812341,101,6.92883505940594,6.478665170945947,0.0,0.0
23808,679.625079,98,6.934949785714286,6.500044564377801,0.0,0.0
23880,351.838091,55,6.397056200000001,6.480274500392294,0.0,0.0
24008,375.580724,60,6.259678733333333,6.4849261554819,0.0,0.0
24072,437.948234,67,6.53654080597015,6.521660467435291,0.0,0.0
24088,313.506706,55,5.700121927272727,6.496298733240215,0.0,0.0
24160,600.277334,85,7.062086282352941,6.524024790087877,0.0,0.0
24208,298.678041,50,5.97356082,6.4842324618656555,0.0,0.0
24224,545.544374,78,6.99415864102564,6.490513104311608,0.0,0.0
24232,467.883445,69,6.780919492753623,6.50397801332932,0.0,0.0
24384,390.707946,63,6.201713428571429,6.516467109967975,0.0,0.0
24496,321.762858,53,6.070997320754717,6.5027862571677355,0.0,0.0
24632,519.088519,78,6.654981012820513,6.511918822537615,0.0,0.0
24688,432.20338,66,6.54853606060606,6.499239440607201,0.0,0.0
24832,366.979918,56,6.553212821428572,6.507854869911228,0.0,0.0
24880,278.237634,48,5.796617375,6.485322551682063,0.0,0.0
24896,611.174794,86,7.106683651162791,6.522576048202304,0.0,0.0
24920,588.121618,86,6.838623465116279,6.543066326526694,0.0,0.0
25024,719.883537,100,7.19883537,6.549407363421431,0.0,0.0
25104,930.846044,127,7.329496409448819,6.565425958348263,0.0,0.0
25288,570.818281,82,6.961198548780487,6.59905560855584,0.0,0.0
25336,384.937664,63,6.11012165079365,6.568231201677533,0.0,0.0
25360,587.859538,84,6.998327833333334,6.580075443344199,0.0,0.0
25512,330.657312,51,6.483476705882353,6.593779016533474,0.0,0.0
25528,537.474703,81,6.635490160493827,6.6047963102166,0.0,0.0
25608,607.350814,86,7.062218767441861,6.626674539623132,0.0,0.0
25784,651.663757,95,6.859618494736843,6.6070259167659895,0.0,0.0
25792,363.686189,57,6.380459456140351,6.613767753338191,0.0,0.0
25808,808.95656,114,7.0961101754385965,6.62030710507359,0.0,0.0
25808,346.402059,56,6.185751053571429,6.621345916978353,0.0,0.0
25904,520.030371,77,6.753641181818181,6.615506121058761,0.0,0.0
25984,347.120015,57,6.089824824561404,6.587335289020331,0.0,0.0
26176,489.482,71,6.894112676056339,6.603903838222209,0.0,0.0
26200,590.539022,86,6.866732813953489,6.624138974242881,0.0,0.0
26232,348.470619,56,6.222689625,6.613677268210542,0.0,0.0
26408,486.032931,75,6.48043908,6.639687839968118,0.0,0.0
26448,559.577139,80,6.9947142375,6.637442105139686,0.0,0.0
26560,556.620692,82,6.788057219512194,6.664591985123426,0.0,0.0
26672,771.678306,110,7.015257327272727,6.665295274664995,0.0,0.0
26680,415.547144,63,6.595986412698413,6.659130838663155,0.0,0.0
26736,448.161648,67,6.688979820895523,6.675373051740625,0.0,0.0
26816,743.391095,104,7.1479912980769225,6.711272850984699,0.0,0.0
27008,679.703157,97,7.007249041237114,6.723015118598585,0.0,0.0
27096,536.606257,81,6.624768604938272,6.725556203409659,0.0,0.0
27120,468.476948,70,6.6925278285714285,6.730200036981088,0.0,0.0
27128,379.384289,57,6.655864719298246,6.758841615124363,0.0,0.0
27152,369.094012,59,6.255830711864407,6.730479850481084,0.0,0.0
27240,415.929209,63,6.602050936507937,6.722594099527472,0.0,0.0
27320,839.662887,114,7.365463921052632,6.728148384562559,0.0,0.0
27672,477.330505,69,6.917833405797102,6.714426284440835,0.0,0.0
27704,348.64367,58,6.011097758620689,6.682756258102175,0.0,0.0
27728,462.304965,72,6.420902291666667,6.693115612797941,0.0,0.0
27824,614.43007,87,7.062414597701149,6.695251838276869,0.0,0.0
27864,764.643925,107,7.146204906542056,6.7173427782988595,0.0,0.0
27904,1025.45976,136,7.540145294117647,6.747497949419653,0.0,0.0
27920,514.855499,75,6.864739986666667,6.740915323393815,0.0,0.0
28048,871.345493,119,7.322231033613446,6.756335741356368,0.0,0.0
28272,265.027111,46,5.761458934782609,6.735702390644444,0.0,0.0
28304,498.444177,72,6.922835791666667,6.729926577852045,0.0,0.0
28368,579.872616,83,6.986417060240964,6.75661544474103,0.0,0.0
28392,460.932092,71,6.4920012957746485,6.747894115206246,0.0,0.0
28464,517.262465,75,6.896832866666667,6.77479438327642,0.0,0.0
28544,771.874758,109,7.081419798165138,6.781037954013382,0.0,0.0
28656,660.085382,92,7.174841108695652,6.791308230504787,0.0,0.0
28880,495.133705,72,6.876857013888889,6.813113810134416,0.0,0.0
28952,477.460955,70,6.820870785714286,6.8244615336582255,0.0,0.0
28976,344.262264,54,6.375227111111111,6.803811962778596,0.0,0.0
28976,848.492686,116,7.314592120689656,6.821363126151179,0.0,0.0
28984,632.486774,89,7.106592966292134,6.824407647451825,0.0,0.0
28984,533.681242,77,6.930925220779221,6.835572274387852,0.0,0.0
29184,433.840072,66,6.573334424242424,6.831717427832748,0.0,0.0
29208,665.392423,93,7.15475723655914,6.83194295911549,0.0,0.0
29368,393.246351,61,6.446661491803279,6.813256707467695,0.0,0.0
29384,301.423974,51,5.910273999999999,6.789440220636418,0.0,0.0
29528,457.910492,68,6.733977823529411,6.790821887135016,0.0,0.0
29552,494.758278,72,6.87164275,6.79801448815841,0.0,0.0
29664,218.862975,37,5.915215540540541,6.786660649114281,0.0,0.0
29696,606.862992,89,6.818685303370786,6.793881794676376,0.0,0.0
29744,477.513101,70,6.8216157285714285,6.775753521593669,0.0,0.0
29872,856.342673,115,7.446458026086956,6.793374342269999,0.0,0.0
29984,529.79117,75,7.063882266666666,6.828467159204863,0.0,0.0
30088,475.884152,70,6.798345028571428,6.841048583768356,0.0,0.0
30232,594.993699,85,6.9999258705882355,6.838965626197925,0.0,0.0
30344,563.112571,81,6.952007049382716,6.832492364292615,0.0,0.0
30584,618.523489,89,6.949702123595506,6.81281092527521,0.0,0.0
30648,904.904763,123,7.356949292682927,6.829217902142418,0.0,0.0
30776,333.950801,54,6.1842740925925925,6.791286004108389,0.0,0.0
30840,522.346279,76,6.872977355263157,6.828336618124408,0.0,0.0
30864,692.668355,97,7.14091087628866,6.835605787611808,0.0,0.0
30920,850.927583,117,7.272885324786325,6.84515472976332,0.0,0.0
30952,281.400935,46,6.117411630434782,6.8326684075853255,0.0,0.0
31064,1818.525234,232,7.838470836206897,6.864056339903333,0.0,0.0
31120,375.34831,59,6.3618357627118645,6.8400702053882245,0.0,0.0
31144,187.044274,35,5.344122114285715,6.779046238907893,0.0,0.0
31184,258.215395,43,6.005009186046512,6.74998464464648,0.0,0.0
31240,369.368056,58,6.36841475862069,6.734902777076694,0.0,0.0
31320,315.213046,50,6.304260920000001,6.73253723737299,0.0,0.0
31528,482.296171,72,6.698557930555555,6.712002764368519,0.0,0.0
31568,369.056528,56,6.590295142857143,6.694792836920685,0.0,0.0
31696,388.158908,64,6.0649829375,6.665928094144712,0.0,0.0
31712,294.060663,49,6.001238020408163,6.646858214016902,0.0,0.0
31872,2068.973094,266,7.7780943383458645,6.667636117409793,0.0,0.0
32024,707.141268,98,7.215727224489796,6.693271641832676,0.0,0.0
32048,424.155567,65,6.525470261538461,6.713778183883958,0.0,0.0
32160,494.526549,74,6.6827912027027025,6.712071963189734,0.0,0.0
32168,369.523937,59,6.263117576271187,6.691787790732108,0.0,0.0
32176,1028.107688,139,7.39645818705036,6.741162545615769,0.0,0.0
32176,971.905964,129,7.5341547596899225,6.765011527493074,0.0,0.0
32368,247.887648,43,5.764829023255814,6.7297853039825535,0.0,0.0
32384,582.183863,84,6.930760273809524,6.71259537890664,0.0,0.0
32504,260.916104,43,6.067816372093024,6.67939318242085,0.0,0.0
32600,346.65121,53,6.540588867924528,6.6708013103992885,0.0,0.0
32696,556.128873,81,6.865788555555556,6.666330066564866,0.0,0.0
32784,848.403327,114,7.442134447368421,6.6826676464977215,0.0,0.0
32848,571.27772,84,6.800925238095239,6.677708416981046,0.0,0.0
32968,520.604953,75,6.941399373333334,6.663856753002727,0.0,0.0
33192,722.876438,101,7.157192455445545,6.696287365097825,0.0,0.0
33200,410.797672,63,6.520597968253968,6.684541385530852,0.0,0.0
33304,693.777678,100,6.93777678,6.677770248987898,0.0,0.0
33320,441.914305,67,6.595735895522388,6.655198601345765,0.0,0.0
33384,326.768587,52,6.284011288461539,6.6607519232799905,0.0,0.0
33520,1245.856972,169,7.371934745562131,6.645200720258499,0.0,0.0
33864,584.2342,84,6.955169047619047,6.664978496422071,0.0,0.0
33968,566.058308,81,6.988374172839507,6.719786898373864,0.0,0.0
34000,380.439708,60,6.3406618,6.730975318838981,0.0,0.0
34048,760.332582,106,7.172948886792453,6.757793123111372,0.0,0.0
34112,1453.82099,189,7.69217455026455,6.804056910786858,0.0,0.0
34336,846.761336,119,7.115641478991597,6.817959695734726,0.0,0.0
34472,1083.453781,146,7.420916308219177,6.84564706791346,0.0,0.0
34536,1632.40752,211,7.736528530805687,6.901365254356983,0.0,0.0
34608,669.190015,93,7.195591559139785,6.94117703898137,0.0,0.0
34720,494.482148,76,6.506344052631579,6.8987853627908935,0.0,0.0
34808,710.59057,101,7.035550198019801,6.89277946190856,0.0,0.0
34816,764.790828,106,7.215007811320755,6.915764046901304,0.0,0.0
34816,688.12842,96,7.168004375,6.931937819311214,0.0,0.0
35208,579.044447,84,6.893386273809524,6.952946775895826,0.0,0.0
35528,630.910326,90,7.010114733333334,6.940068660771924,0.0,0.0
35600,317.512452,49,6.479845959183673,6.904925034088382,0.0,0.0
35640,738.592998,103,7.170805805825243,6.9517909268406965,0.0,0.0
35640,952.424341,129,7.383134426356589,6.966870065258932,0.0,0.0
35672,866.675639,119,7.282988563025211,7.007375804956671,0.0,0.0
35832,1423.15387,187,7.610448502673798,7.0430377927816465,0.0,0.0
36056,323.453567,52,6.220260903846154,7.021520204391334,0.0,0.0
36080,314.787299,51,6.172299980392157,6.979192388825458,0.0,0.0
36184,568.011772,82,6.926972829268292,6.983393975197894,0.0,0.0
36344,1814.261444,234,7.753254034188034,7.010455797226385,0.0,0.0
36360,640.850123,90,7.120556922222223,7.0092346127856064,0.0,0.0
36424,1553.42756,201,7.728495323383085,7.0494978579565775,0.0,0.0
36608,915.974332,126,7.269637555555556,7.060559883808429,0.0,0.0
36728,557.947994,81,6.888246839506173,7.070310248607887,0.0,0.0
36800,662.554198,93,7.124238688172044,7.098317828598239,0.0,0.0
36976,688.690332,99,6.956468,7.0844689370795,0.0,0.0
37024,1122.370627,149,7.53268877181208,7.103719594552602,0.0,0.0
37056,570.820333,87,6.561153252873563,7.089478897220404,0.0,0.0
37112,645.610622,96,6.725110645833333,7.102293858748181,0.0,0.0
37120,614.810016,87,7.0667817931034485,7.098754955625215,0.0,0.0
37168,346.861901,55,6.306580018181818,7.0525684712224574,0.0,0.0
37200,513.190959,74,6.93501295945946,7.046547520571386,0.0,0.0
37584,700.216044,98,7.145061673469388,7.037352366079727,0.0,0.0
37696,636.838899,90,7.075987766666667,7.015334340608425,0.0,0.0
37784,512.070818,77,6.6502703636363645,6.99715696742498,0.0,0.0
37784,638.572078,91,7.017275582417583,7.014188018417846,0.0,0.0
37968,859.704574,118,7.285631983050847,7.02252407791888,0.0,0.0
38112,916.288559,124,7.389423862903225,7.028337946304962,0.0,0.0
38136,906.409075,128,7.0813208984375,7.025448497086212,0.0,0.0
38280,412.851067,62,6.658888177419355,7.017631893873206,0.0,0.0
38304,515.608351,76,6.784320407894737,7.010105416358586,0.0,0.0
38320,647.924254,92,7.042654934782609,7.028865715545217,0.0,0.0
38768,701.887554,100,7.01887554,7.023801373351044,0.0,0.0
38816,431.477583,67,6.439963925373134,6.992362356651595,0.0,0.0
38840,959.160266,132,7.266365651515152,6.991808259601259,0.0,0.0
38904,495.392637,73,6.7862005068493145,6.96433332640711,0.0,0.0
39080,1806.499392,235,7.687231455319148,7.013232344789543,0.0,0.0
39192,1005.200827,135,7.445932051851852,7.055686747171532,0.0,0.0
39232,1009.179543,137,7.36627403649635,7.070330120745802,0.0,0.0
39256,334.236357,52,6.42762225,7.0261423946062,0.0,0.0
39272,884.833302,121,7.312671917355372,7.032546227777306,0.0,0.0
39288,286.949371,48,5.978111895833333,6.974200113525646,0.0,0.0
39568,708.868874,100,7.08868874,6.9681684863404625,0.0,0.0
39656,304.738347,50,6.0947669399999995,6.941719156356924,0.0,0.0
39656,738.793914,105,7.036132514285714,6.938782283894046,0.0,0.0
39688,412.388023,62,6.651419725806451,6.928614008087593,0.0,0.0
39696,533.933155,77,6.934196818181819,6.908664276299919,0.0,0.0
39768,386.802743,60,6.446712383333334,6.904849580648577,0.0,0.0
40032,702.232395,100,7.02232395,6.914756690787466,0.0,0.0
40248,506.804175,74,6.848705067567567,6.907487466602936,0.0,0.0
40320,571.454991,83,6.884999891566264,6.926768129049084,0.0,0.0
40632,843.318752,118,7.146769084745763,6.933826666558628,0.0,0.0
40640,1284.431394,171,7.511294701754386,6.946034434168128,0.0,0.0
40776,378.612844,57,6.642330596491228,6.931579195162281,0.0,0.0
40784,944.04773,127,7.433446692913386,6.957685072804848,0.0,0.0
40832,641.668811,100,6.41668811,6.937665490390928,0.0,0.0
40936,1280.798951,171,7.490052345029239,6.944479502456874,0.0,0.0
41032,714.173365,98,7.28748331632653,6.941081484237651,0.0,0.0
41272,359.50235,55,6.536406363636363,6.922917666410947,0.0,0.0
41344,464.942356,70,6.642033657142857,6.9223558490683965,0.0,0.0
41424,1675.950507,216,7.759030125,6.954846172971906,0.0,0.0
41496,794.633547,107,7.426481747663551,6.967640400067937,0.0,0.0
41640,927.238653,126,7.359036928571428,6.978979113020319,0.0,0.0
41648,782.986417,109,7.1833616238532105,7.003759036302989,0.0,0.0
41792,655.305073,95,6.897948136842105,6.991478452480553,0.0,0.0
42064,646.043324,90,7.178259155555556,7.004547074104096,0.0,0.0
42208,323.433387,52,6.219872826923076,6.955635119824226,0.0,0.0
42264,758.383767,105,7.222702542857143,6.948194136191068,0.0,0.0
42456,1117.106589,148,7.548017493243243,6.954252251415965,0.0,0.0
42640,1592.670209,213,7.4773249248826295,6.989242340578718,0.0,0.0
42680,1086.804911,148,7.3432764256756755,6.990262490856062,0.0,0.0
42856,503.053996,74,6.7980269729729725,7.017592993427383,0.0,0.0
42880,1162.916168,154,7.551403688311688,7.033016825037772,0.0,0.0
42976,684.7604,96,7.132920833333333,7.06762195481555,0.0,0.0
43176,1032.091958,139,7.425122,7.080588271006025,0.0,0.0
43280,499.72132,75,6.662950933333334,7.080972644590256,0.0,0.0
43408,896.575443,119,7.534247420168067,7.10097433132313,0.0,0.0
43432,458.210518,69,6.640732144927536,7.1074416567096055,0.0,0.0
43744,474.153584,71,6.678219492957747,7.095971508141528,0.0,0.0
43976,1249.873146,167,7.484270335329341,7.117157017066921,0.0,0.0
44168,314.352594,53,5.931181018867925,7.085363054643643,0.0,0.0
44256,2538.979782,327,7.764464165137614,7.105952890656706,0.0,0.0
44328,1392.865082,184,7.569918923913043,7.107907031395327,0.0,0.0
44344,858.862473,117,7.340704897435898,7.131186174760149,0.0,0.0
44384,883.590446,119,7.425129798319328,7.130908944940347,0.0,0.0
44624,373.707267,57,6.556267842105263,7.135561602677189,0.0,0.0
44936,1597.921954,207,7.719429729468598,7.143207515491835,0.0,0.0
45016,593.193816,86,6.897602511627906,7.130211488668547,0.0,0.0
45048,958.718605,134,7.154616455223881,7.1508184917214646,0.0,0.0
45336,2284.824929,295,7.745169250847457,7.187589678178284,0.0,0.0
45520,1097.302973,147,7.464646074829933,7.177776876505949,0.0,0.0
45544,1219.037466,161,7.571661279503106,7.182616194233933,0.0,0.0
45704,589.513311,86,6.854805941860466,7.165808494676903,0.0,0.0
45984,969.09539,131,7.397674732824427,7.172952264975944,0.0,0.0
46120,1441.670798,187,7.709469508021391,7.2000029773485865,0.0,0.0
46192,573.435222,84,6.826609785714285,7.18828133168721,0.0,0.0
46368,1917.949277,248,7.733666439516129,7.238741118773644,0.0,0.0
46560,795.650717,107,7.435988009345794,7.245850634323267,0.0,0.0
46568,1154.399541,154,7.496100915584416,7.244120081734638,0.0,0.0
46912,1273.393925,171,7.446748099415205,7.243100854219057,0.0,0.0
46912,625.21633,90,6.946848111111111,7.229886577066906,0.0,0.0
47000,801.504631,110,7.286405736363636,7.246165869179928,0.0,0.0
47296,1210.521141,164,7.381226469512195,7.240493295219946,0.0,0.0
47352,2250.379045,288,7.813816128472222,7.263189805057908,0.0,0.0
47584,595.788481,84,7.092720011904762,7.252109738788067,0.0,0.0
47592,960.318067,129,7.444326100775194,7.278155577702795,0.0,0.0
47728,658.514686,91,7.236425120879121,7.268228167726496,0.0,0.0
47936,942.59913,128,7.364055703125,7.292338952999746,0.0,0.0
48328,1912.834401,245,7.807487351020408,7.3299812149351675,0.0,0.0
48416,738.020931,103,7.1652517572815535,7.319347262333576,0.0,0.0
48424,1054.561521,141,7.479159723404256,7.370946552484786,0.0,0.0
48744,1088.404288,145,7.5062364689655166,7.362338962612383,0.0,0.0
48784,2128.044007,277,7.68246933935018,7.366090643126953,0.0,0.0
48816,981.688881,136,7.218300595588236,7.362010499732032,0.0,0.0
49048,546.061066,78,7.000782897435897,7.347865603035918,0.0,0.0
49136,1120.969027,150,7.473126846666667,7.378427569854631,0.0,0.0
49184,764.933892,107,7.148914878504673,7.359410408155834,0.0,0.0
49376,880.977573,120,7.341479775,7.374206316934905,0.0,0.0
49744,849.178764,116,7.320506586206896,7.379735987967672,0.0,0.0
49896,416.387975,65,6.405968846153846,7.335095974477885,0.0,0.0
49992,1135.143356,151,7.517505668874173,7.336857960946028,0.0,0.0
50064,944.320253,127,7.435592543307086,7.332322336406159,0.0,0.0
50240,1424.558205,187,7.617958315508021,7.357760748861078,0.0,0.0
50952,1679.898705,221,7.601351606334842,7.364549977978091,0.0,0.0
51480,4121.70591,516,7.98780215116279,7.373827732749471,0.0,0.0
51808,1828.209266,239,7.649411154811716,7.401254445052717,0.0,0.0
52024,1865.132251,245,7.612784697959183,7.397225053667485,0.0,0.0
52120,540.315255,80,6.7539406875,7.374490142939294,0.0,0.0
52344,2046.061456,263,7.779701353612167,7.38394349087355,0.0,0.0
52480,2658.154517,342,7.772381628654971,7.394797941848211,0.0,0.0
53184,1316.481794,172,7.653963918604651,7.418368468764661,0.0,0.0
53240,4079.989847,513,7.953196582846004,7.440594830314073,0.0,0.0
53600,1422.910479,185,7.691407994594594,7.450934214483487,0.0,0.0
53816,1716.574645,224,7.663279665178571,7.445916332373699,0.0,0.0
54144,3065.537757,399,7.683052022556391,7.465594066062087,0.0,0.0
54400,1975.541581,257,7.686932221789883,7.473680936762576,0.0,0.0
54488,4474.287893,562,7.9613663576512455,7.497845644654981,0.0,0.0
54496,1168.275541,157,7.441245484076433,7.500418637353362,0.0,0.0
54520,631.501277,88,7.176150874999999,7.479374088152682,0.0,0.0
54936,1257.955618,167,7.5326683712574845,7.491621308618544,0.0,0.0
55064,1791.318417,235,7.622631561702128,7.4964037032284745,0.0,0.0
55104,506.665215,76,6.666647565789473,7.46841740645594,0.0,0.0
55184,604.993697,87,6.953950540229885,7.444133446485264,0.0,0.0
55664,1179.626027,158,7.465987512658228,7.452389677054263,0.0,0.0
55672,653.85058,92,7.1070715217391305,7.455932631197703,0.0,0.0
56016,1817.385015,234,7.766602628205129,7.465715157248986,0.0,0.0
56192,3630.064301,464,7.823414441810344,7.488198476025842,0.0,0.0
56432,1817.990337,239,7.606654129707112,7.497037621182746,0.0,0.0
56936,1778.943172,234,7.602321247863248,7.506431443237957,0.0,0.0
57000,487.566901,71,6.867139450704225,7.521803796722971,0.0,0.0
57032,1285.00803,171,7.514666842105263,7.521709169164008,0.0,0.0
57472,2222.393452,286,7.770606475524475,7.53287630023792,0.0,0.0
58232,1127.329457,150,7.515529713333334,7.5294620134987635,0.0,0.0
61144,4660.496317,619,7.529073210016155,7.527052733621474,0.0,0.0
64600,7619.91929,958,7.953986732776618,7.525925553008602,0.0,0.0
66976,2333.453148,297,7.856744606060606,7.532836668050232,0.0,0.0
79112,24666.30801,3001,8.219362882372543,7.55305594086401,1.0,0.03333333333333333
79680,24624.779746,3001,8.20552474041986,7.601442075961339,1.0,0.06666666666666667
80024,24559.58184,3001,8.183799346884372,7.614912009070411,1.0,0.1
81008,24554.252672,3001,8.182023549483505,7.628566739764696,1.0,0.13333333333333333
81480,24658.841136,3001,8.21687475374875,7.6473304342695005,1.0,0.16666666666666666
